MSI|Ноутбук Intel Core i7 10750H/16 ГБ/1024 Гб/17.3''/1920x1080/NVIDIA GeForce RTX 2070 Max-Q/Windows||179 991 ₽|-10%
MSI|Ноутбук Intel Core i5 10300H/8 ГБ/512 Гб/15.6''/1920x1080/NVIDIA GeForce GTX 1660Ti/Windows|||0%
MSI|Ноутбук Intel Core i5 10300H/8 ГБ/512 Гб/15.6''/1920x1080/NVIDIA GeForce GTX 1650Ti/Windows||85 550 ₽|-8%
MSI|Ноутбук Intel Core i7 10750H/8 ГБ/512 Гб/15.6''/1920x1080/NVIDIA GeForce GTX 1650Ti/Windows||90 134 ₽|-4%
MSI|Ноутбук Intel Core i7 10875H/32 ГБ/1024 Гб/15.6''/1920x1080/NVIDIA GeForce RTX 2070 Max-Q/Windows||185 990 ₽|-7%
MSI|Ноутбук Intel Core i7 10750H/16 ГБ/512 Гб/15.6''/1920x1080/NVIDIA GeForce GTX 1660Ti Max-Q/Windows||132 980 ₽|-7%
Asus|Ноутбук Intel Core i5 10210U/8 ГБ/512 Гб/13.3''/1920x1080/NVIDIA GeForce MX250/Windows||74 791 ₽|-12%
Asus|Ноутбук Intel Core i5 1035G1/8 ГБ/256 Гб/13.3''/1920x1080/Intel UHD Graphics/Windows||60 960 ₽|-9%
Acer|Ноутбук Intel Core i7 1065G7/16 ГБ/1024 Гб/14''/1920x1080/Intel Iris Plus Graphics G7/Linux||75 591 ₽|-10%
Asus|Ноутбук Intel Core i7 9750H/16 ГБ/512 Гб/15.6''/3840x2160/NVIDIA GeForce RTX 2060/Windows||153 111 ₽|-13%
MSI|Ноутбук AMD Ryzen 7 4800H/16 ГБ/512 Гб/15.6''/1920x1080/AMD Radeon RX 5600M/Windows|//images.wbstatic.net/c252x336/new/17890000/17893000-1.jpg|111 590 ₽|-7%
MSI|Ноутбук Intel Core i7/16 ГБ/1024 Гб/14''/1920x1080/NVIDIA GeForce GTX 1650Ti/Windows|//images.wbstatic.net/c252x336/new/17890000/17893983-1.jpg|127 746 ₽|-6%
Huawei|"Ноутбук Intel Core i5 10210U/13""/3000x2000"|//images.wbstatic.net/c252x336/new/18130000/18132308-1.jpg|109 240 ₽|-5%
MSI|Ноутбук AMD Ryzen 5 4500U/8 ГБ/256 Гб/14''/1920x1080/AMD Radeon Graphics/Windows|//images.wbstatic.net/c252x336/new/18200000/18204279-1.jpg|54 860 ₽|-7%
lenovo|Ноутбук Intel Core i5 1035G4/8 ГБ/256 Гб/14''/1920 x 1080/Intel Iris Plus Graphics/Windows|//images.wbstatic.net/c252x336/new/18560000/18561305-1.jpg|75 190 ₽|-6%
lenovo|Ноутбук Intel Core i5 1035G4/16 ГБ/512 Гб/14''/1920 x 1080/Intel Iris Plus Graphics/Windows|//images.wbstatic.net/c252x336/new/18560000/18561306-1.jpg|79 970 ₽|-7%
lenovo|Ноутбук Intel Core i5 1035G4/16 ГБ/1024 Гб/14''/1920 x 1080/Intel Iris Plus Graphics/Windows|//images.wbstatic.net/c252x336/new/18560000/18561307-1.jpg|85 431 ₽|-11%
lenovo|Ноутбук Intel Core i5 1135G7/16 ГБ/512 Гб/14''/1920 x 1080/Intel Iris Xe/Windows|//images.wbstatic.net/c252x336/new/18560000/18561308-1.jpg|82 790 ₽|-8%
lenovo|Ноутбук Intel Core i5 1135G7/16 ГБ/512 Гб/14''/1920 x 1080/Intel Iris Xe/Windows|//images.wbstatic.net/c252x336/new/18560000/18561309-1.jpg|82 790 ₽|-8%
lenovo|Ноутбук Intel Core i5 1135G7/16 ГБ/512 Гб/14''/1920 x 1080/Intel Iris Xe/Windows|//images.wbstatic.net/c252x336/new/18560000/18561310-1.jpg|82 790 ₽|-8%
lenovo|Ноутбук Intel Core i7 1165G7/16 ГБ/1024 Гб/14''/1920 x 1080/Intel Iris Xe/Windows|//images.wbstatic.net/c252x336/new/18560000/18561311-1.jpg|97 640 ₽|-7%
lenovo|Ноутбук Intel Core i7 1165G7/16 ГБ/512 Гб/14''/1920 x 1080/Intel Iris Xe/Windows|//images.wbstatic.net/c252x336/new/18560000/18561314-1.jpg|92 391 ₽|-16%
lenovo|Ноутбук Intel Core i7 1165G7/16 ГБ/512 Гб/14''/1920 x 1080/Intel Iris Xe/Windows|//images.wbstatic.net/c252x336/new/18560000/18561315-1.jpg|92 391 ₽|-16%
MSI|"Ноутбук Intel Core i7 10750H/16 ГБ/512 Гб/15.6""/1920 x 1080/NVIDIA GeForce GTX 1660Ti/Windows 10 Home"|//images.wbstatic.net/c252x336/new/18630000/18636333-1.jpg|100 090 ₽|-9%
MSI|"Ноутбук Intel Core i7 10750H/8 ГБ/512 Гб/15.6""/1920x1080/NVIDIA GeForce RTX 2060"|//images.wbstatic.net/c252x336/new/19080000/19081713-1.jpg|113 511 ₽|-12%
MSI|"Ноутбук Intel Core i7 10750H/8 ГБ/1024 Гб/15.6""/1920x1080/NVIDIA GeForce RTX 2060"|//images.wbstatic.net/c252x336/new/19080000/19081714-1.jpg|123 612 ₽|-11%
lenovo|Ноутбук Intel Core i7-1185G7/16 ГБ/512 Гб/14''/1920x1080/Intel Iris Xe Graphics/Windows 10 Home|//images.wbstatic.net/c252x336/new/19300000/19300007-1.jpg|158 090 ₽|-7%
lenovo|"Ноутбук Intel Core i5 1135G7/16 ГБ/512 Гб/15.6""/1920x1080/Intel Iris Xe Graphics/Windows 10 Home"|//images.wbstatic.net/c252x336/new/19300000/19300008-1.jpg|87 291 ₽|-10%
lenovo|"Ноутбук Intel Core i5 1135G7/16 ГБ/512 Гб/15.6""/1920x1080/Intel Iris Xe Graphics/Windows"|//images.wbstatic.net/c252x336/new/19300000/19300009-1.jpg|87 291 ₽|-10%
lenovo|Ноутбук Intel Core i5 1135G7/16 ГБ/1024 Гб/14''/1920x1080/Intel Iris Xe Graphics/Windows 10 Home|//images.wbstatic.net/c252x336/new/19300000/19300010-1.jpg|160 191 ₽|-10%
lenovo|"Ноутбук Intel Core i7 10750H/16 ГБ/512 Гб/15.6""/1920x1080/NVIDIA GeForce GTX 1650Ti/Windows"|//images.wbstatic.net/c252x336/new/19300000/19300011-1.jpg|165 431 ₽|-12%
lenovo|"Ноутбук Intel Core i7 10750H/16 ГБ/1024 Гб/15.6""/1920x1080/NVIDIA GeForce GTX 1650Ti/Windows"|//images.wbstatic.net/c252x336/new/19300000/19300012-1.jpg|179 211 ₽|-13%
MSI|"Ноутбук Intel Core i7 10870H/16 ГБ/512 Гб/15.6""/1920x1080/NVIDIA GeForce RTX 3060/Windows"|//images.wbstatic.net/c252x336/new/19350000/19354022-1.jpg|168 340 ₽|-9%
MSI|"Ноутбук Intel Core i7 10870H/32 ГБ/1024 Гб/15.6""/1920 x 1080/NVIDIA GeForce RTX 3060/Windows"|//images.wbstatic.net/c252x336/new/19350000/19354024-1.jpg|181 990 ₽|-9%
MSI|Ноутбук Intel Core i5 1135G7/8 ГБ/512 Гб/14''/1920 x 1080/Intel Iris Xe Graphics/Windows|//images.wbstatic.net/c252x336/new/19350000/19354025-1.jpg|65 090 ₽|-7%
Gigabyte|Ноутбук Intel Core i7 10870H/16 ГБ/1024 Гб/17.3''/1920x1080/NVIDIA GeForce RTX 3060 Max-Q/Windows|//images.wbstatic.net/c252x336/new/19400000/19402516-1.jpg|145 590 ₽|-9%
Asus|Ноутбук Intel Core i3 1115G4/8 ГБ/256 Гб/13.3''/1920 x 1080/Intel Iris Plus Graphics/Windows 10 Home|//images.wbstatic.net/c252x336/new/19660000/19664138-1.jpg||0%
MSI|Ноутбук Intel Core i5 10210U/8 ГБ/512 Гб/14/1920 x 1080/Intel UHD Graphics/DOS|//images.wbstatic.net/c252x336/new/20840000/20841871-1.jpg||0%
MSI|Ноутбук Intel Core i7 1165G7/8 ГБ/512 Гб/1/1920 x 1080/Intel Iris Xe Graphics/Windows 10 Home|//images.wbstatic.net/c252x336/new/20840000/20842825-1.jpg||0%
MSI|Ноутбук AMD Ryzen 7 4800H/16 ГБ/512 Гб/15.6/1920 x 1080/AMD Radeon RX 5500M/Windows 10 Home|//images.wbstatic.net/c252x336/new/20840000/20843602-1.jpg||0%
MSI|Ноутбук Intel Core i5 10300H/8 ГБ/512 Гб/17.3/1920 x 1080/NVIDIA GeForce GTX 1660Ti/Windows 10 Home|//images.wbstatic.net/c252x336/new/20840000/20844453-1.jpg||0%
MSI|Ноутбук Intel Core i7 1185G7/16 ГБ/1024 Гб/15.6/1920 x 1080/NVIDIA GeForce GTX 1650/Windows 10 Home|//images.wbstatic.net/c252x336/new/20840000/20845210-1.jpg||0%
Dell|Ноутбук Intel Core i5 10210U/8 ГБ/256 Гб/13.3''/1920x1080/Intel UHD Graphics/Windows|//images.wbstatic.net/c252x336/new/12040000/12044837-1.jpg|89 431 ₽|-14%
lenovo|Ноутбук Intel Core i5 10210U/8 ГБ/256 Гб/13.3''/1920x1080/Intel UHD Graphics/Windows|//images.wbstatic.net/c252x336/new/13300000/13300433-1.jpg|77 704 ₽|-9%
Dell|Ноутбук Intel Core i7 9750H/8 ГБ/512 Гб/15.6''/1920x1080/NVIDIA GeForce GTX 1660Ti Max-Q/Windows||87 971 ₽|-17%
Acer|Ноутбук Intel Core i5 9300H/8 ГБ/1024 Гб/17.3''/1920x1080/NVIDIA GeForce GTX 1660Ti/Linux||89 871 ₽|-16%
Acer|Ноутбук Intel Core i5 1035G1/8 ГБ/256 Гб/14''/1920x1080/Intel UHD Graphics/Windows||60 891 ₽|-13%
MSI|Ноутбук Intel Core i5 10210U/16 ГБ/512 Гб/14''/1920x1080/NVIDIA GeForce GTX 1650/Windows||93 090 ₽|-5%
lenovo|Ноутбук Intel Core i5 1035G4/16 ГБ/512 Гб/14''/1920x1080/Intel Iris Plus Graphics/Windows||117 591 ₽|-16%
lenovo|Ноутбук Intel Core i7 1065G7/16 ГБ/1024 Гб/14''/1920x1080/Intel Iris Plus Graphics/Windows||163 391 ₽|-14%
lenovo|Ноутбук Intel Core i5 1035G4/16 ГБ/512 Гб/14''/3840x2160/Intel Iris Plus Graphics/Windows||134 934 ₽|-14%
lenovo|Ноутбук Intel Core i5 8265U/8 ГБ/512 Гб/14''/3840x2160/Intel UHD Graphics 620/Windows||132 431 ₽|-14%
Dell|Ноутбук Intel Core i9 9880H/16 ГБ/512 Гб/17.3''/1920x1080/NVIDIA GeForce RTX 2080 Max-Q/Linux||175 761 ₽|-19%
Acer|Ноутбук Intel Core i7 9750H/16 ГБ/1000 Гб/256 Гб/15.6''/1920x1080/NVIDIA GeForce GTX 1660Ti/Windows||117 591 ₽|-16%
Acer|Ноутбук Intel Core i7 9750H/16 ГБ/512 Гб/15.6''/1920x1080/NVIDIA GeForce GTX 1660Ti/Linux|//images.wbstatic.net/c252x336/new/11730000/11734758-1.jpg|106 241 ₽|-15%
Acer|Ноутбук Intel Core i5 9300H/16 ГБ/512 Гб/15.6''/1920x1080/NVIDIA GeForce RTX 2060/Linux|//images.wbstatic.net/c252x336/new/11730000/11734763-1.jpg|103 191 ₽|-14%
Dell|Ноутбук Intel Core i7 1065G7/16 ГБ/512 Гб/13.4''/1920x1200/Intel Iris Plus Graphics/Windows|//images.wbstatic.net/c252x336/new/11830000/11834264-1.jpg|138 021 ₽|-14%
lenovo|Ноутбук Intel Core i5 9300HF/8 ГБ/1000 Гб/128 Гб/15.6''/1920x1080/NVIDIA GeForce RTX 2060/Windows|//images.wbstatic.net/c252x336/new/11910000/11913136-1.jpg|101 781 ₽|-13%
Dell|Ноутбук Intel Core i7 10510U/16 ГБ/512 Гб/13.3''/3840x2160/Intel UHD Graphics/Windows|//images.wbstatic.net/c252x336/new/12040000/12044839-1.jpg|121 356 ₽|-13%
Dell|Ноутбук Intel Core i5 10210U/8 ГБ/512 Гб/13.3''/1920x1080/Intel UHD Graphics/Windows|//images.wbstatic.net/c252x336/new/12040000/12044840-1.jpg|96 741 ₽|-14%
Dell|Ноутбук Intel Core i7 10710U/8 ГБ/512 Гб/13.3''/1920x1080/Intel UHD Graphics/Windows|//images.wbstatic.net/c252x336/new/12040000/12044841-1.jpg|107 891 ₽|-17%
Acer|Ноутбук Intel Core i7 1065G7/16 ГБ/1024 Гб/14''/1920x1080/Intel Iris Plus Graphics/Linux|//images.wbstatic.net/c252x336/new/12070000/12077243-1.jpg|76 116 ₽|-13%
Acer|Ноутбук Intel Core i7 1065G7/16 ГБ/1024 Гб/14''/1920x1080/Intel Iris Plus Graphics/Windows|//images.wbstatic.net/c252x336/new/12070000/12077244-1.jpg|83 841 ₽|-14%
Acer|Ноутбук Intel Core i7 1065G7/16 ГБ/1024 Гб/14''/1920x1080/Intel Iris Plus Graphics/Windows|//images.wbstatic.net/c252x336/new/12070000/12077245-1.jpg|105 261 ₽|-13%
Acer|"Ноутбук Intel Core i5 1035G4/8 ГБ/512 Гб/13.5""/2256х1504/Intel Iris Plus Graphics/Windows"|//images.wbstatic.net/c252x336/new/12070000/12077246-1.jpg|69 266 ₽|-15%
Acer|"Ноутбук Intel Core i5 1035G4/8 ГБ/512 Гб/13.5""/2256х1504/Intel Iris Plus Graphics/Linux"|//images.wbstatic.net/c252x336/new/12070000/12077247-1.jpg|59 491 ₽|-15%
Acer|"Ноутбук Intel Core i7 1065G7/16 ГБ/512 Гб/13.5""/2256х1504/Intel Iris Plus Graphics/Windows"|//images.wbstatic.net/c252x336/new/12070000/12077248-1.jpg|81 891 ₽|-16%
Acer|Ноутбук Intel Core i7 7700HQ/16 ГБ/1024 Гб/15.6''/1920x1080/NVIDIA GeForce GTX 1060/Windows|//images.wbstatic.net/c252x336/new/12100000/12105769-1.jpg|145 281 ₽|-13%
Honor|"Ноутбук AMD Ryzen 5 3550H/8 ГБ/512 Гб/16.1""/1920x1080/Windows"|||0%
Acer|Ноутбук Intel Core i7 8750H/16 ГБ/512 Гб/15.6''/1920x1080/NVIDIA GeForce GTX 1060/Windows|//images.wbstatic.net/c252x336/new/12100000/12105775-1.jpg|93 081 ₽|-13%
MSI|Ноутбук Intel Core i5 9300H/16 ГБ/512 Гб/15.6''/1920x1080/NVIDIA GeForce GTX 1650 Max-Q/DOS||66 490 ₽|-5%
Dell|Ноутбук Intel Core i5 8265U/8 ГБ/512 Гб/15.6''/1920x1080/AMD Radeon Pro WX 2100/Windows|//images.wbstatic.net/c252x336/new/12120000/12124375-1.jpg|95 031 ₽|-12%
Honor|Ноутбук AMD Ryzen 5 3500U/8 ГБ/512 Гб/14''/1920x1080/AMD Radeon Vega 8/Windows|||0%
Acer|Ноутбук Intel Core i7 1065G7/16 ГБ/1024 Гб/14''/1920x1080/Intel Iris Plus Graphics/Windows|//images.wbstatic.net/c252x336/new/12120000/12124391-1.jpg|125 271 ₽|-13%
Huawei|Ноутбук AMD Ryzen 5 4500U/8 ГБ/512 Гб/14''/1920x1080/AMD Radeon RX Vega 6/Windows||56 990 ₽|-5%
Huawei|Ноутбук AMD Ryzen 5 4500U/8 ГБ/512 Гб/15.6''/1920x1080/AMD Radeon RX Vega 6/Windows||56 990 ₽|-5%
Acer|"Ноутбук Intel Core i7 1065G7/16 ГБ/512 Гб/13.5""/2256х1504/Intel Iris Plus Graphics G7/Windows"|//images.wbstatic.net/c252x336/new/12120000/12124392-1.jpg|108 306 ₽|-13%
Asus|Ноутбук Intel Core i5 10210U/8 ГБ/512 Гб/14''/1920x1080/NVIDIA GeForce MX350/Windows||62 991 ₽|-10%
Acer|Ноутбук Intel Core i5 8265U/8 ГБ/256 Гб/14''/1920x1080/Intel UHD Graphics 620/Windows|//images.wbstatic.net/c252x336/new/12120000/12124394-1.jpg|85 686 ₽|-13%
Asus|Ноутбук Intel Core i5 10210U/8 ГБ/256 Гб/14''/1920x1080/Intel UHD Graphics/Windows||52 191 ₽|-10%
Acer|Ноутбук Intel Core i3 10110U/8 ГБ/256 Гб/14''/1920x1080/Intel UHD Graphics/Windows|//images.wbstatic.net/c252x336/new/12120000/12124395-1.jpg|54 366 ₽|-13%
Asus|Ноутбук Intel Core i3 10110U/8 ГБ/256 Гб/14''/1920x1080/Intel HD Graphics 520/Windows||43 191 ₽|-10%
Acer|Ноутбук Intel Core i7 10510U/16 ГБ/512 Гб/15.6''/1920x1080/Intel UHD Graphics/Windows|//images.wbstatic.net/c252x336/new/12120000/12124396-1.jpg|88 141 ₽|-14%
Huawei|"Ноутбук AMD Ryzen 5 3500U/16 ГБ/512 Гб/13""/2160x1440/AMD Radeon Vega 8/Windows"||66 490 ₽|-5%
Acer|Ноутбук Intel Core i7 10510U/8 ГБ/256 Гб/15.6''/1920x1080/Intel UHD Graphics/Windows|//images.wbstatic.net/c252x336/new/12120000/12124397-1.jpg|80 901 ₽|-13%
MSI|"Ноутбук Intel Core i7 10870H/32 ГБ/1024 Гб/15.6""/1920 x 1080/NVIDIA GeForce RTX 3070 Max-Q/Windows"||200 190 ₽|-9%
Acer|Ноутбук Intel Core i5 10210U/8 ГБ/512 Гб/15.6''/1920x1080/Intel UHD Graphics/Windows|//images.wbstatic.net/c252x336/new/12120000/12124398-1.jpg|71 801 ₽|-14%
Echips|"Ноутбук Intel Core i5 5257U/8 ГБ/256 Гб/15.6""/1920x1080/Intel HD Graphics 6000/Windows"|//images.wbstatic.net/c252x336/new/19220000/19221731-1.jpg|43 009 ₽|-21%
Acer|Ноутбук Intel Core i7 10510U/16 ГБ/1024 Гб/14''/1920x1080/NVIDIA GeForce MX250/Windows|//images.wbstatic.net/c252x336/new/12120000/12124399-1.jpg|141 091 ₽|-17%
Asus|Ноутбук Intel Core i7 10510U/16 ГБ/1024 Гб/14''/1920x1080/Intel UHD Graphics 620/Windows|//images.wbstatic.net/c252x336/new/12920000/12924518-1.jpg|112 331 ₽|-18%
Dell|Ноутбук Intel Core i7 9750H/16 ГБ/1024 Гб/15.6''/3840x2160/NVIDIA GeForce GTX 1650 Max-Q/Windows|//images.wbstatic.net/c252x336/new/12130000/12133052-1.jpg|153 841 ₽|-15%
Asus|Ноутбук Intel Core i5 8265U/8 ГБ/512 Гб/14''/1920x1080/NVIDIA GeForce MX250/Windows|//images.wbstatic.net/c252x336/new/9960000/9963603-1.jpg|73 091 ₽|-14%
Dell|Ноутбук Intel Core i5 1035G1/8 ГБ/512 Гб/13.4''/1920x1200/Intel UHD Graphics/Windows|//images.wbstatic.net/c252x336/new/12130000/12133053-1.jpg|123 051 ₽|-16%
Huawei|Ноутбук Intel Core i5 10210U/8 ГБ/512 Гб/14''/1920x1080/NVIDIA GeForce MX250/Windows|//images.wbstatic.net/c252x336/new/12680000/12688860-1.jpg|66 490 ₽|-5%
Dell|Ноутбук Intel Core i7 1065G7/16 ГБ/512 Гб/13.4''/1920x1200/Intel Iris Plus Graphics/Windows|//images.wbstatic.net/c252x336/new/12130000/12133054-1.jpg|136 526 ₽|-17%
lenovo|Ноутбук Intel Core i5 1035G1/8 ГБ/512 Гб/14''/Intel UHD Graphics/DOS|//images.wbstatic.net/c252x336/new/12980000/12988301-1.jpg|50 313 ₽|-9%
Huawei|Ноутбук Intel Core i7 10510U/16 ГБ/1024 Гб/13.9''/3000x2000/NVIDIA GeForce MX250/Windows|//images.wbstatic.net/c252x336/new/12130000/12139493-1.jpg|123 490 ₽|-5%
Dell|Ноутбук Intel Core i7 1065G7/16 ГБ/1024 Гб/13.4''/1920x1200/Intel Iris Plus Graphics/Windows|//images.wbstatic.net/c252x336/new/12130000/12133055-1.jpg|143 211 ₽|-16%
MSI|Ноутбук Intel Core i5 10300H/8 ГБ/512 Гб/15.6''/1920x1080/NVIDIA GeForce GTX 1650Ti/Windows|//images.wbstatic.net/c252x336/new/15440000/15442557-1.jpg|79 040 ₽|-7%
MSI|Ноутбук Intel Core i7 10875H/16 ГБ/1024 Гб/15.6''/1920x1080/NVIDIA GeForce RTX 2080 Super Max-Q/Windows|//images.wbstatic.net/c252x336/new/13220000/13229281-1.jpg|191 391 ₽|-13%
MSI|Ноутбук Intel Core i7 10870H/16 ГБ/512 Гб/17.3''/1920x1080/NVIDIA GeForce RTX 3060/DOS|//images.wbstatic.net/c252x336/new/19350000/19354020-1.jpg|149 140 ₽|-5%
Dell|Ноутбук Intel Core i7 1065G7/16 ГБ/1024 Гб/13.4''/3840x2160/Intel Iris Plus Graphics/Windows|//images.wbstatic.net/c252x336/new/12130000/12133056-1.jpg|151 056 ₽|-19%
MSI|Ноутбук Intel Core i5 9300H/8 ГБ/512 Гб/15.6''/1920x1080/NVIDIA GeForce GTX 1650 Max-Q/Windows|//images.wbstatic.net/c252x336/new/13220000/13229283-1.jpg|67 851 ₽|-13%
lenovo|Ноутбук AMD Ryzen 5 2500U/4 ГБ/128 Гб/14''/1920x1080/AMD Radeon Vega 8/Windows|//images.wbstatic.net/c252x336/new/12170000/12171865-1.jpg|43 766 ₽|-15%
lenovo|"Ноутбук Intel Core i5 8250U/8 ГБ/256 Гб/12.5""/1920x1080/Intel UHD Graphics 620/Windows"|//images.wbstatic.net/c252x336/new/12180000/12189016-1.jpg|81 612 ₽|-23%
lenovo|Ноутбук Intel Core i5 8250U/8 ГБ/256 Гб/14''/1920x1080/Intel UHD Graphics 620/Windows|//images.wbstatic.net/c252x336/new/12180000/12189018-1.jpg|102 761 ₽|-14%
lenovo|Ноутбук Intel Core i5 8250U/8 ГБ/500 Гб/15.6''/1920x1080/Intel UHD Graphics 620/Windows|//images.wbstatic.net/c252x336/new/12180000/12189019-1.jpg|89 666 ₽|-15%
Asus|Ноутбук Intel Core i5 10210U/8 ГБ/256 Гб/14''/1920x1080/Intel UHD Graphics 620/Windows|//images.wbstatic.net/c252x336/new/14250000/14254320-1.jpg|73 911 ₽|-12%
lenovo|Ноутбук Intel Core i7 8565U/16 ГБ/512 Гб/15.6''/1920x1080/NVIDIA Quadro P520/Windows|//images.wbstatic.net/c252x336/new/12180000/12189020-1.jpg|119 691 ₽|-16%
Echips|"Ноутбук Intel Core i5 5257U/8 ГБ/128 Гб/15.6""/1920 x 1080/Intel HD Graphics 6000/Windows"|//images.wbstatic.net/c252x336/new/19220000/19223879-1.jpg|39 881 ₽|-21%
lenovo|Ноутбук Intel Core i7 8565U/16 ГБ/512 Гб/15.6''/3840x2160/NVIDIA Quadro P520/Windows|//images.wbstatic.net/c252x336/new/12180000/12189022-1.jpg|142 791 ₽|-16%
lenovo|Ноутбук Intel Core i5 1035G4/16 ГБ/1024 Гб/14''/1920 x 1080/Intel Iris Plus Graphics/Windows|//images.wbstatic.net/c252x336/new/18560000/18561304-1.jpg|88 340 ₽|-5%
lenovo|Ноутбук AMD Ryzen 7 3700U/16 ГБ/256 Гб/14''/1920x1080/AMD Radeon RX Vega 10/Windows|//images.wbstatic.net/c252x336/new/12180000/12189024-1.jpg|94 491 ₽|-16%
Asus|Ноутбук Intel Core i5 10210U/8 ГБ/256 Гб/14''/1920x1080/Intel UHD Graphics/Windows|//images.wbstatic.net/c252x336/new/14630000/14633623-1.jpg|54 510 ₽|-6%
lenovo|Ноутбук Intel Core i7 8565U/16 ГБ/512 Гб/14''/2560x1440/Intel UHD Graphics 620/Windows|//images.wbstatic.net/c252x336/new/12180000/12189025-1.jpg|158 516 ₽|-15%
lenovo|Ноутбук Intel Core i7 8565U/16 ГБ/512 Гб/14''/1920x1080/Intel UHD Graphics 620/Windows|//images.wbstatic.net/c252x336/new/12180000/12189026-1.jpg|147 831 ₽|-16%
lenovo|Ноутбук Intel Core i5 9300H/8 ГБ/1000 Гб/128 Гб/17.3''/1920x1080/NVIDIA GeForce GTX 1650/DOS|//images.wbstatic.net/c252x336/new/11840000/11848864-1.jpg|76 851 ₽|-16%
lenovo|Ноутбук Intel Core i7 8565U/16 ГБ/512 Гб/14''/1920x1080/Intel UHD Graphics 620/Windows|//images.wbstatic.net/c252x336/new/12180000/12189027-1.jpg|156 231 ₽|-16%
lenovo|Ноутбук Intel Core i5 9300HF/8 ГБ/256 Гб/15.6''/1920x1080/NVIDIA GeForce GTX 1650/DOS|//images.wbstatic.net/c252x336/new/12770000/12777227-1.jpg|70 081 ₽|-14%
lenovo|Ноутбук Intel Core i7 8565U/16 ГБ/512 Гб/14''/1920x1080/Intel UHD Graphics 620/Windows|//images.wbstatic.net/c252x336/new/12180000/12189028-1.jpg|146 151 ₽|-16%
Asus|Ноутбук Intel Core i7 1065G7/8 ГБ/512 Гб/13.3''/1920x1080/Intel Iris Plus Graphics/Windows|//images.wbstatic.net/c252x336/new/13800000/13808583-1.jpg|77 340 ₽|-9%
Acer|Ноутбук Intel Core i7 10510U/8 ГБ/512 Гб/14''/1920x1080/NVIDIA GeForce MX250/Windows|//images.wbstatic.net/c252x336/new/12720000/12729589-1.jpg|68 791 ₽|-14%
lenovo|Ноутбук Intel Core i7 8565U/16 ГБ/512 Гб/13.3''/1920x1080/Intel UHD Graphics 620/Windows|//images.wbstatic.net/c252x336/new/12180000/12189029-1.jpg|122 816 ₽|-15%
Acer|Ноутбук Intel Core i3 1005G1/8 ГБ/256 Гб/14''/1920x1080/Intel UHD Graphics/Windows|//images.wbstatic.net/c252x336/new/12070000/12077241-1.jpg|50 692 ₽|-22%
lenovo|Ноутбук Intel Core i7 8565U/8 ГБ/256 Гб/14''/1920x1080/Intel UHD Graphics 620/Windows|//images.wbstatic.net/c252x336/new/12180000/12189030-1.jpg|109 641 ₽|-15%
MSI|Ноутбук Intel Core i5 10300H/8 ГБ/512 Гб/17.3''/1920x1080/NVIDIA GeForce GTX 1650/Windows|//images.wbstatic.net/c252x336/new/14960000/14960887-1.jpg|78 840 ₽|-5%
lenovo|Ноутбук Intel Core i7 8565U/16 ГБ/512 Гб/14''/1920x1080/Intel UHD Graphics 620/Windows|//images.wbstatic.net/c252x336/new/12180000/12189031-1.jpg|150 351 ₽|-16%
Asus|Ноутбук Intel Core i3 1005G1/8 ГБ/256 Гб/14''/1920x1080/Intel UHD Graphics/Windows|//images.wbstatic.net/c252x336/new/15530000/15530908-1.jpg|55 171 ₽|-11%
MSI|Ноутбук Intel Core i5 1135G7/8 ГБ/512 Гб/15.6''/1920x1080/NVIDIA GeForce MX450/Windows|//images.wbstatic.net/c252x336/new/17890000/17892538-1.jpg|78 080 ₽|-5%
lenovo|Ноутбук Intel Core i7 8565U/16 ГБ/256 Гб/14''/2560x1440/Intel UHD Graphics 620/Windows|//images.wbstatic.net/c252x336/new/12180000/12189032-1.jpg|147 831 ₽|-16%
lenovo|Ноутбук Intel Core i7 8565U/16 ГБ/512 Гб/14''/3840x2160/Intel UHD Graphics 620/Windows|//images.wbstatic.net/c252x336/new/12180000/12189033-1.jpg|156 231 ₽|-16%
MSI|Ноутбук Intel Core i7 10510U/8 ГБ/512 Гб/14''/1920x1080/Intel UHD Graphics 620/Windows|//images.wbstatic.net/c252x336/new/14710000/14713410-1.jpg|71 750 ₽|-8%
lenovo|Ноутбук Intel Core i7 8565U/16 ГБ/512 Гб/14''/1920x1080/Intel UHD Graphics 620/Windows|//images.wbstatic.net/c252x336/new/12180000/12189034-1.jpg|153 711 ₽|-16%
MSI|Ноутбук 8 ГБ/512 Гб/15.6''/1920x1080/AMD Radeon RX 5500M/Windows|//images.wbstatic.net/c252x336/new/14240000/14240107-1.jpg|74 791 ₽|-15%
Acer|Ноутбук Intel Core i7 10510U/16 ГБ/1024 Гб/14''/1920x1080/Intel UHD Graphics/Windows|//images.wbstatic.net/c252x336/new/13670000/13676269-1.jpg|151 641 ₽|-10%
lenovo|Ноутбук Intel Core i7 8565U/16 ГБ/512 Гб/14''/1920x1080/Intel UHD Graphics 620/Windows|//images.wbstatic.net/c252x336/new/12180000/12189035-1.jpg|161 491 ₽|-15%
Asus|Ноутбук Intel Core i5 1035G1/8 ГБ/256 Гб/13.3''/1920x1080/Intel UHD Graphics/Windows|//images.wbstatic.net/c252x336/new/14630000/14633627-1.jpg|65 851 ₽|-11%
lenovo|Ноутбук Intel Core i7 9750H/16 ГБ/1000 Гб/256 Гб/15.6''/1920x1080/NVIDIA Quadro T2000/Windows|//images.wbstatic.net/c252x336/new/12180000/12189036-1.jpg|172 116 ₽|-15%
lenovo|Ноутбук Intel Core i7 9750H/16 ГБ/1000 Гб/256 Гб/15.6''/3840x2160/NVIDIA Quadro T2000/Windows|//images.wbstatic.net/c252x336/new/12180000/12189037-1.jpg|190 251 ₽|-16%
Acer|Ноутбук Intel Core i5 1035G1/8 ГБ/256 Гб/14''/1920x1080/Intel UHD Graphics/Windows|//images.wbstatic.net/c252x336/new/12070000/12077242-1.jpg|60 891 ₽|-13%
lenovo|Ноутбук Intel Core i7 10510U/8 ГБ/256 Гб/15.6''/1920x1080/Intel UHD Graphics/Windows|//images.wbstatic.net/c252x336/new/12180000/12189040-1.jpg|79 041 ₽|-15%
lenovo|Ноутбук Intel Core i5 1135G7/16 ГБ/512 Гб/14''/1920x1080/NVIDIA GeForce MX450/Windows|//images.wbstatic.net/c252x336/new/18210000/18213287-1.jpg|76 551 ₽|-12%
lenovo|Ноутбук Intel Core i7 10510U/16 ГБ/256 Гб/15.6''/1920x1080/AMD Radeon Rx 640/Windows|//images.wbstatic.net/c252x336/new/12180000/12189042-1.jpg|93 231 ₽|-16%
Dell|Ноутбук Intel Core i7 1065G7/16 ГБ/512 Гб/13.4''/Intel Iris Plus Graphics/Windows|//images.wbstatic.net/c252x336/new/12310000/12311389-1.jpg|163 821 ₽|-14%
MSI|Ноутбук AMD Ryzen 5 4500U/8 ГБ/256 Гб/14''/1920x1080/AMD Radeon Graphics/Windows|//images.wbstatic.net/c252x336/new/14960000/14960884-1.jpg|54 860 ₽|-7%
lenovo|Ноутбук Intel Core i5 8265U/16 ГБ/512 Гб/14''/1920x1080/Intel UHD Graphics 620/Windows|//images.wbstatic.net/c252x336/new/12370000/12378232-1.jpg|105 151 ₽|-12%
Acer|Ноутбук Intel Core i3 10110U/8 ГБ/256 Гб/14''/1920x1080/Intel UHD Graphics/Windows|//images.wbstatic.net/c252x336/new/12620000/12623860-1.jpg|46 971 ₽|-13%
lenovo|Ноутбук Intel Core i5 8265U/16 ГБ/512 Гб/14''/1920x1080/Intel UHD Graphics 620/Windows|//images.wbstatic.net/c252x336/new/12370000/12378233-1.jpg|112 221 ₽|-13%
MSI|Ноутбук Intel Core i7/16 ГБ/1024 Гб/14''/1920x1080/NVIDIA GeForce GTX 1650 Max-Q/Windows|//images.wbstatic.net/c252x336/new/17890000/17896192-1.jpg|113 367 ₽|-7%
lenovo|Ноутбук Intel Core i5 8265U/8 ГБ/256 Гб/14''/1920x1080/Intel UHD Graphics 620/Windows|//images.wbstatic.net/c252x336/new/12370000/12378234-1.jpg|106 911 ₽|-12%
Acer|Ноутбук 8 ГБ/256 Гб/14''/1920x1080/AMD Radeon Graphics/Windows|//images.wbstatic.net/c252x336/new/13370000/13371536-1.jpg|58 870 ₽|-8%
lenovo|Ноутбук Intel Core i7 8565U/8 ГБ/256 Гб/13.3''/1920x1080/Intel UHD Graphics 620/Windows|//images.wbstatic.net/c252x336/new/12370000/12378235-1.jpg|130 926 ₽|-13%
MSI|Ноутбук Intel Core i7 10750H/8 ГБ/512 Гб/15.6''/1920x1080/NVIDIA GeForce GTX 1650Ti/Windows|//images.wbstatic.net/c252x336/new/15440000/15442552-1.jpg|91 070 ₽|-8%
MSI|Ноутбук AMD Ryzen 5 4600H/8 ГБ/512 Гб/15.6''/1920x1080/AMD Radeon RX 560/DOS|//images.wbstatic.net/c252x336/new/17250000/17253630-1.jpg|88 340 ₽|-7%
MSI|Ноутбук Intel Core i7 9750H/16 ГБ/512 Гб/15.6''/1920x1080/NVIDIA GeForce GTX 1660Ti Max-Q/Windows|//images.wbstatic.net/c252x336/new/8730000/8736637-1.jpg|110 592 ₽|-21%
Asus|Ноутбук Intel Core i5 8300H/16 ГБ/1000 Гб/128 Гб/15.6''/1920x1080/NVIDIA GeForce RTX 2060/Windows|//images.wbstatic.net/c252x336/new/12010000/12010198-1.jpg|118 671 ₽|-14%
lenovo|Ноутбук Intel Core i7 1065G7/16 ГБ/512 Гб/14''/1920x1080/Intel Iris Plus Graphics/Windows|//images.wbstatic.net/c252x336/new/17100000/17104064-1.jpg|93 090 ₽|-5%
lenovo|Ноутбук Intel Core i7 1065G7/16 ГБ/1024 Гб/14''/3840x2160/Intel Iris Plus Graphics/Windows|//images.wbstatic.net/c252x336/new/15390000/15399478-1.jpg|120 141 ₽|-10%
Acer|Ноутбук Intel Core i5 1035G1/8 ГБ/256 Гб/15.6/1920x1080/NVIDIA GeForce MX330/Windows|//images.wbstatic.net/c252x336/new/16950000/16954313-1.jpg|55 920 ₽|-6%
Asus|Ноутбук Intel Core i7 9750H/8 ГБ/512 Гб/15.6''/1920x1080/NVIDIA GeForce GTX 1650|//images.wbstatic.net/c252x336/new/13620000/13626434-1.jpg|85 491 ₽|-10%
Acer|Ноутбук Intel Core i7 10510U/8 ГБ/512 Гб/14''/1920x1080/Intel UHD Graphics/Windows|//images.wbstatic.net/c252x336/new/12620000/12623858-1.jpg|63 501 ₽|-13%
lenovo|Ноутбук Intel Core i7 8565U/16 ГБ/512 Гб/14''/1920x1080/Intel UHD Graphics 620/Windows|//images.wbstatic.net/c252x336/new/12370000/12378247-1.jpg|156 591 ₽|-13%
lenovo|Ноутбук Intel Core i7 8565U/16 ГБ/1024 Гб/14''/3840x2160/Intel UHD Graphics 620/Windows|//images.wbstatic.net/c252x336/new/11620000/11620893-1.jpg|147 831 ₽|-12%
lenovo|Ноутбук Intel Core i7 8565U/8 ГБ/256 Гб/14''/1920x1080/Intel UHD Graphics 620/Windows|//images.wbstatic.net/c252x336/new/12370000/12378236-1.jpg|108 306 ₽|-13%
lenovo|Ноутбук Intel Core i7-1165G7/16 ГБ/1024 Гб/14''/1920x1080/Intel Iris Xe Graphics G7 96EUs/DOS|//images.wbstatic.net/c252x336/new/18210000/18213288-1.jpg|76 551 ₽|-12%
lenovo|Ноутбук Intel Core i5 8265U/16 ГБ/512 Гб/14''/1920x1080/Intel UHD Graphics 620/Windows|//images.wbstatic.net/c252x336/new/12370000/12378237-1.jpg|132 231 ₽|-13%
Acer|Ноутбук Intel Core i3 1005G1/8 ГБ/256 Гб/14''/1920x1080/Intel UHD Graphics/Windows|//images.wbstatic.net/c252x336/new/12070000/12077240-1.jpg|56 106 ₽|-13%
lenovo|Ноутбук Intel Core i5 8265U/16 ГБ/512 Гб/14''/1920x1080/Intel UHD Graphics 620/Windows|//images.wbstatic.net/c252x336/new/12370000/12378238-1.jpg|117 441 ₽|-13%
lenovo|Ноутбук Intel Core i7 1065G7/16 ГБ/1024 Гб/14''/1920x1080/Intel Iris Plus Graphics/Windows|//images.wbstatic.net/c252x336/new/17100000/17104063-1.jpg|96 810 ₽|-6%
lenovo|Ноутбук Intel Core i7 8565U/16 ГБ/1024 Гб/14''/3840x2160/Intel UHD Graphics 620/Windows|//images.wbstatic.net/c252x336/new/12370000/12378239-1.jpg|182 256 ₽|-13%
Honor|"Ноутбук Intel Core i5 10210U/16 ГБ/512 Гб/16.1""/1920x1080/NVIDIA GeForce MX350/Windows"|//images.wbstatic.net/c252x336/new/17280000/17282828-1.jpg||0%
lenovo|Ноутбук Intel Core i7 8565U/16 ГБ/1024 Гб/14''/3840x2160/Intel UHD Graphics 620/Windows|//images.wbstatic.net/c252x336/new/12370000/12378240-1.jpg|194 911 ₽|-12%
MSI|Ноутбук 8 ГБ/256 Гб/15.6''/1920x1080/AMD Radeon RX 5500M/DOS|//images.wbstatic.net/c252x336/new/14240000/14240108-1.jpg|67 491 ₽|-10%
lenovo|Ноутбук Intel Core i5 8265U/8 ГБ/256 Гб/14''/2560x1440/Intel UHD Graphics 620/Windows|//images.wbstatic.net/c252x336/new/12370000/12378241-1.jpg|147 891 ₽|-13%
MSI|Ноутбук Intel Core i5 10210U/8 ГБ/512 Гб/14''/1920x1080/NVIDIA GeForce MX330/Windows|//images.wbstatic.net/c252x336/new/13220000/13229279-1.jpg|74 250 ₽|-6%
Acer|Ноутбук Intel Core i5 10210U/8 ГБ/1 Тб/14''/1920x1080/Intel UHD Graphics/Windows|//images.wbstatic.net/c252x336/new/12880000/12884113-1.jpg|61 761 ₽|-13%
lenovo|Ноутбук Intel Core i5 8265U/16 ГБ/256 Гб/14''/2560x1440/Intel UHD Graphics 620/Windows|//images.wbstatic.net/c252x336/new/12370000/12378242-1.jpg|160 591 ₽|-12%
Acer|Ноутбук Intel Core i5 10210U/8 ГБ/256 Гб/14''/1920x1080/NVIDIA GeForce MX250/Windows|//images.wbstatic.net/c252x336/new/12720000/12729591-1.jpg|57 611 ₽|-14%
lenovo|Ноутбук Intel Core i7 8565U/8 ГБ/256 Гб/14''/2560x1440/Intel UHD Graphics 620/Windows|//images.wbstatic.net/c252x336/new/12370000/12378243-1.jpg|168 291 ₽|-10%
Acer|Ноутбук Intel Core i5 10210U/8 ГБ/256 Гб/14''/1920x1080/Intel UHD Graphics/DOS|//images.wbstatic.net/c252x336/new/12880000/12884109-1.jpg|50 973 ₽|-13%
Asus|Ноутбук AMD Ryzen 7 3700U/8 ГБ/512 Гб/13.3''/1920x1080/NVIDIA GeForce MX250/Windows|//images.wbstatic.net/c252x336/new/12610000/12616425-1.jpg|81 991 ₽|-18%
lenovo|Ноутбук Intel Core i7 8565U/16 ГБ/512 Гб/14''/2560x1440/Intel UHD Graphics 620/Windows|//images.wbstatic.net/c252x336/new/12370000/12378244-1.jpg|178 191 ₽|-12%
Asus|Ноутбук Intel Core i7 10510U/8 ГБ/512 Гб/14''/1920x1080/Intel UHD Graphics/DOS|//images.wbstatic.net/c252x336/new/14030000/14036767-1.jpg|90 711 ₽|-16%
lenovo|Ноутбук Intel Core i7 8565U/16 ГБ/1024 Гб/14''/3840x2160/Intel UHD Graphics 620/Windows|//images.wbstatic.net/c252x336/new/12370000/12378245-1.jpg|196 611 ₽|-13%
Acer|Ноутбук Intel Core i3 10110U/4 ГБ/256 Гб/14''/1920x1080/Intel UHD Graphics/Windows|//images.wbstatic.net/c252x336/new/12880000/12884115-1.jpg|49 146 ₽|-13%
Acer|Ноутбук Intel Core i7 9750H/16 ГБ/512 Гб/15.6''/1920x1080/NVIDIA GeForce RTX 2060/Linux|//images.wbstatic.net/c252x336/new/11730000/11734761-1.jpg|111 711 ₽|-16%
Dell|Ноутбук Intel Core i5 10210U/8 ГБ/256 Гб/13.3''/1920x1080/Intel UHD Graphics 620/Linux|//images.wbstatic.net/c252x336/new/13250000/13253197-1.jpg|49 785 ₽|-14%
lenovo|Ноутбук Intel Core i7 8565U/16 ГБ/512 Гб/14''/1920x1080/Intel UHD Graphics 620/Windows|//images.wbstatic.net/c252x336/new/12370000/12378246-1.jpg|185 671 ₽|-12%
Dell|Ноутбук Intel Core i5 10210U/8 ГБ/256 Гб/14''/1920x1080/NVIDIA GeForce MX230/Windows|//images.wbstatic.net/c252x336/new/10020000/10022092-1.jpg|55 891 ₽|-14%
MSI|Ноутбук 16 ГБ/1024 Гб/17.3''/1920x1080/NVIDIA GeForce RTX 2070S MAX-Q/Windows|//images.wbstatic.net/c252x336/new/12860000/12867099-1.jpg|202 491 ₽|-10%
lenovo|Ноутбук Intel Core i5 10210U/8 ГБ/256 Гб/13.3''/1920x1080/Intel UHD Graphics/Windows|//images.wbstatic.net/c252x336/new/12370000/12378248-1.jpg|69 591 ₽|-13%
MSI|Ноутбук Intel Core i7 10510U/8 ГБ/512 Гб/15.6''/1920x1080/NVIDIA GeForce MX330/Windows|//images.wbstatic.net/c252x336/new/14540000/14540700-1.jpg|85 251 ₽|-13%
lenovo|Ноутбук Intel Core i5 10210U/8 ГБ/512 Гб/13.3''/1920x1080/Intel UHD Graphics/Windows|//images.wbstatic.net/c252x336/new/12370000/12378250-1.jpg|71 271 ₽|-12%
Dell|Ноутбук Intel Core i5 10210U/8 ГБ/256 Гб/14''/1920x1080/Intel UHD Graphics 620/Windows|//images.wbstatic.net/c252x336/new/13870000/13873471-1.jpg|52 501 ₽|-11%
lenovo|Ноутбук 8 ГБ/512 Гб/14''/1920x1080/AMD Radeon Graphics/Windows|//images.wbstatic.net/c252x336/new/13150000/13150224-1.jpg|50 712 ₽|-13%
lenovo|Ноутбук Intel Core i7 10510U/8 ГБ/256 Гб/13.3''/1920x1080/Intel UHD Graphics/Windows|//images.wbstatic.net/c252x336/new/12370000/12378251-1.jpg|74 811 ₽|-13%
Dell|Ноутбук Intel Core i7 9750H/16 ГБ/512 Гб/15.6''/3840x2160/NVIDIA GeForce GTX 1650/Windows|//images.wbstatic.net/c252x336/new/12780000/12783824-1.jpg|161 811 ₽|-13%
Dell|Ноутбук Intel Core i5 7Y54/8 ГБ/256 Гб/13.3''/3200x1800/Intel HD Graphics 615/Windows|//images.wbstatic.net/c252x336/new/9150000/9157270-1.jpg|77 818 ₽|-18%
lenovo|Ноутбук Intel Core i7 10510U/8 ГБ/512 Гб/13.3''/1920x1080/Intel UHD Graphics/Windows|//images.wbstatic.net/c252x336/new/12370000/12378254-1.jpg|96 561 ₽|-13%
MSI|Ноутбук Intel Core i7 9750H/16 ГБ/1000 Гб/512 Гб/17.3''/1920x1080/NVIDIA GeForce RTX 2070/Windows|//images.wbstatic.net/c252x336/new/9310000/9310299-1.jpg|151 312 ₽|-22%
lenovo|Ноутбук Intel Core i5 10210U/8 ГБ/1000 Гб/256 Гб/14''/1920x1080/AMD Radeon Rx 640/Windows|//images.wbstatic.net/c252x336/new/12370000/12378255-1.jpg|79 596 ₽|-13%
MSI|Ноутбук Intel Core i7 9750H/8 ГБ/512 Гб/15.6''/1920x1080/NVIDIA GeForce GTX 1650 Max-Q/Windows|//images.wbstatic.net/c252x336/new/14540000/14540701-1.jpg|76 491 ₽|-15%
lenovo|Ноутбук Intel Core i7 10510U/16 ГБ/1000 Гб/256 Гб/14''/1920x1080/AMD Radeon Rx 640/Windows|//images.wbstatic.net/c252x336/new/12370000/12378256-1.jpg|98 111 ₽|-12%
MSI|Ноутбук Intel Core i5 10300H/8 ГБ/512 Гб/17.3''/1920x1080/NVIDIA GeForce GTX 1650Ti/Windows|//images.wbstatic.net/c252x336/new/14240000/14240114-1.jpg|88 991 ₽|-11%
lenovo|Ноутбук Intel Core i7 10510U/16 ГБ/1000 Гб/512 Гб/14''/1920x1080/Intel UHD Graphics/Windows|//images.wbstatic.net/c252x336/new/12370000/12378257-1.jpg|95 691 ₽|-13%
MSI|Ноутбук Intel Core i7 9750H/16 ГБ/512 Гб/15.6''/1920x1080/NVIDIA GeForce RTX 2060/Windows|//images.wbstatic.net/c252x336/new/9020000/9022029-1.jpg|132 791 ₽|-17%
lenovo|Ноутбук Intel Core i7 10510U/16 ГБ/1000 Гб/256 Гб/14''/1920x1080/Intel UHD Graphics/Windows|//images.wbstatic.net/c252x336/new/12370000/12378258-1.jpg|92 831 ₽|-12%
Acer|Ноутбук Intel Core i5 10210U/8 ГБ/256 Гб/15.6''/1920x1080/Intel UHD Graphics/Windows|//images.wbstatic.net/c252x336/new/13370000/13371537-1.jpg|69 291 ₽|-10%
lenovo|Ноутбук Intel Core i5 10210U/8 ГБ/1000 Гб/256 Гб/15.6''/1920x1080/Intel UHD Graphics/Windows|//images.wbstatic.net/c252x336/new/12370000/12378262-1.jpg|74 811 ₽|-14%
Acer|Ноутбук Intel Core i3 7130U/4 ГБ/128 Гб/14''/1920x1080/Intel UHD Graphics 620/Windows|//images.wbstatic.net/c252x336/new/8490000/8495917-1.jpg|60 505 ₽|-10%
MSI|Ноутбук Intel Core i9 9900KF/16 ГБ/1024 Гб/15.6''/1920x1080/NVIDIA GeForce RTX 2070/Windows|//images.wbstatic.net/c252x336/new/9020000/9022032-1.jpg|173 792 ₽|-21%
lenovo|Ноутбук Intel Core i7 1065G7/8 ГБ/256 Гб/14''/1920x1080/Intel Iris Plus Graphics/Windows|//images.wbstatic.net/c252x336/new/12370000/12378267-1.jpg|63 501 ₽|-13%
Asus|Ноутбук Intel Core i7 8565U/16 ГБ/512 Гб/13.3''/1920x1080/Intel UHD Graphics 620/Windows|//images.wbstatic.net/c252x336/new/12480000/12488660-1.jpg|95 191 ₽|-15%
Acer|Ноутбук Intel Core i7 8500Y/16 ГБ/512 Гб/14''/1920x1080/Intel UHD Graphics 615/Windows|//images.wbstatic.net/c252x336/new/12400000/12407766-1.jpg|141 891 ₽|-14%
Honor|"Ноутбук Intel Core i7 10750H/16 ГБ/512 Гб/16.1""/1920x1080/NVIDIA GeForce RTX 2060/Windows"|//images.wbstatic.net/c252x336/new/17280000/17282827-1.jpg||0%
Acer|Ноутбук Intel Core i7 8500Y/16 ГБ/512 Гб/14''/1920x1080/Intel UHD Graphics 615/Windows|//images.wbstatic.net/c252x336/new/12400000/12407767-1.jpg|138 591 ₽|-16%
Acer|Ноутбук Intel Core i7 1065G7/16 ГБ/1024 Гб/14''/1920x1080/NVIDIA GeForce MX350/Windows|//images.wbstatic.net/c252x336/new/12400000/12407769-1.jpg|109 991 ₽|-12%
MSI|Ноутбук Intel Core i7 10710U/32 ГБ/1024 Гб/15.6''/1920x1080/NVIDIA GeForce GTX 1650 Max-Q/Windows|//images.wbstatic.net/c252x336/new/10360000/10368796-1.jpg|137 400 ₽|-9%
Acer|Ноутбук Intel Core i7 1065G7/16 ГБ/512 Гб/14''/1920x1080/NVIDIA GeForce MX350/Windows|//images.wbstatic.net/c252x336/new/12400000/12407770-1.jpg|102 071 ₽|-12%
Acer|Ноутбук Intel Core i5 1035G1/8 ГБ/512 Гб/14''/1920x1080/NVIDIA GeForce MX350/Windows|//images.wbstatic.net/c252x336/new/12400000/12407774-1.jpg|70 391 ₽|-12%
Acer|Ноутбук Intel Core i5 9300H/8 ГБ/1000 Гб/256 Гб/15.6''/1920x1080/NVIDIA GeForce GTX 1660Ti/Linux|//images.wbstatic.net/c252x336/new/11730000/11734759-1.jpg|91 341 ₽|-13%
Acer|Ноутбук Intel Core i5 1035G1/8 ГБ/512 Гб/14''/1920x1080/NVIDIA GeForce MX350/Linux|//images.wbstatic.net/c252x336/new/12400000/12407777-1.jpg|63 351 ₽|-12%
Acer|Ноутбук Intel Core i5 1035G1/8 ГБ/512 Гб/14''/1920x1080/NVIDIA GeForce MX350/Windows|//images.wbstatic.net/c252x336/new/12400000/12407778-1.jpg|70 391 ₽|-12%
lenovo|Ноутбук AMD Ryzen 5 Pro 3500U/16 ГБ/256 Гб/14''/1920x1080/AMD Radeon Vega 8/Windows|//images.wbstatic.net/c252x336/new/12880000/12889609-1.jpg|88 635 ₽|-17%
Acer|Ноутбук Intel Core i7 1065G7/16 ГБ/1024 Гб/14''/1920x1080/Windows|//images.wbstatic.net/c252x336/new/12400000/12407782-1.jpg|93 441 ₽|-11%
Dell|Ноутбук Intel Core i3 10110U/4 ГБ/128 Гб/14''/1920x1080/Intel UHD Graphics/Linux|//images.wbstatic.net/c252x336/new/12120000/12129705-1.jpg|47 511 ₽|-12%
Acer|Ноутбук Intel Core i7 8565U/8 ГБ/512 Гб/14''/1920x1080/Intel HD Graphics 620/Windows|//images.wbstatic.net/c252x336/new/8520000/8520447-1.jpg|69 591 ₽|-13%
Asus|Ноутбук Intel Core i7 8550U/16 ГБ/512 Гб/13.3''/1920x1080/Intel UHD Graphics 620/Windows|//images.wbstatic.net/c252x336/new/12480000/12488659-1.jpg|108 791 ₽|-15%
Dell|Ноутбук Intel Core i5 9300H/8 ГБ/512 Гб/15.6''/1920x1080/Linux|//images.wbstatic.net/c252x336/new/12580000/12589307-1.jpg|65 241 ₽|-13%
Acer|"Ноутбук Intel Core i7 1065G7/16 ГБ/512 Гб/13.5""/2256х1504/Intel Iris Plus Graphics/Linux"|//images.wbstatic.net/c252x336/new/12070000/12077249-1.jpg|73 071 ₽|-16%
Dell|Ноутбук Intel Core i5 9300H/8 ГБ/512 Гб/15.6''/1920x1080/NVIDIA GeForce GTX 1650/Windows|//images.wbstatic.net/c252x336/new/12580000/12589308-1.jpg|72 661 ₽|-14%
Dell|Ноутбук Intel Core i7 9750H/8 ГБ/512 Гб/15.6''/1920x1080/Linux|//images.wbstatic.net/c252x336/new/12580000/12589311-1.jpg|82 981 ₽|-14%
Dell|Ноутбук 4 ГБ/256 Гб/14''/1920x1080/Intel HD Graphics 620/Windows|//images.wbstatic.net/c252x336/new/13460000/13464644-1.jpg|47 511 ₽|-10%
lenovo|Ноутбук Intel Core i5 10210U/8 ГБ/256 Гб/13.3''/1920x1080/Intel UHD Graphics/Windows|//images.wbstatic.net/c252x336/new/12880000/12889615-1.jpg|63 889 ₽|-14%
Dell|Ноутбук Intel Core i7 9750H/8 ГБ/512 Гб/15.6''/1920x1080/NVIDIA GeForce GTX 1660Ti Max-Q/Windows|//images.wbstatic.net/c252x336/new/12580000/12589312-1.jpg|92 871 ₽|-14%
lenovo|Ноутбук Intel Core i5 10210U/8 ГБ/128 Гб/13.3''/1920x1080/Intel UHD Graphics/Windows|//images.wbstatic.net/c252x336/new/12880000/12889622-1.jpg|58 933 ₽|-12%
lenovo|Ноутбук Intel Core i7 8565U/16 ГБ/512 Гб/14''/1920x1080/NVIDIA Quadro P520/Windows|//images.wbstatic.net/c252x336/new/12880000/12889618-1.jpg|117 381 ₽|-14%
lenovo|Ноутбук Intel Core i3 10110U/8 ГБ/256 Гб/13.3''/1920x1080/Intel UHD Graphics/Windows|//images.wbstatic.net/c252x336/new/13300000/13300431-1.jpg|58 761 ₽|-10%
Acer|Ноутбук Intel Core i3 1005G1/8 ГБ/256 Гб/14''/1920x1080/Intel UHD Graphics/Linux|//images.wbstatic.net/c252x336/new/12770000/12775843-1.jpg|47 841 ₽|-13%
MSI|Ноутбук Intel Core i7 10510U/8 ГБ/512 Гб/14''/1920x1080/NVIDIA GeForce MX330/Windows|//images.wbstatic.net/c252x336/new/14710000/14713409-1.jpg|80 030 ₽|-8%
Asus|Ноутбук Intel Core i5 8250U/8 ГБ/512 Гб/13.3''/3840x2160/NVIDIA GeForce MX150/Windows|//images.wbstatic.net/c252x336/new/7360000/7369190-1.jpg|89 991 ₽|-10%
Asus|Ноутбук Intel Core i5 8250U/8 ГБ/512 Гб/13.3''/1920x1080/NVIDIA GeForce MX150/Windows|//images.wbstatic.net/c252x336/new/7360000/7369191-1.jpg|67 977 ₽|-17%
lenovo|Ноутбук Intel Core i5 8265U/8 ГБ/512 Гб/14''/1920x1080/Intel UHD Graphics 620/Windows|//images.wbstatic.net/c252x336/new/9600000/9600822-1.jpg|95 193 ₽|-32%
Dell|Ноутбук Intel Core i5 10210U/8 ГБ/512 Гб/14''/1920x1080/NVIDIA GeForce MX250/Windows|//images.wbstatic.net/c252x336/new/9840000/9845310-1.jpg|77 271 ₽|-16%
Acer|Ноутбук Intel Core i7 10510U/8 ГБ/256 Гб/14''/1920x1080/NVIDIA GeForce MX250/Windows||66 211 ₽|-14%
lenovo|Ноутбук Intel Core i7 9750H/16 ГБ/2048 Гб/15.6''/1920x1080/NVIDIA GeForce GTX 1650 Max-Q/Windows||185 883 ₽|-16%
lenovo|Ноутбук Intel Core i5 10210U/16 ГБ/512 Гб/13.3''/2560x1600/Intel UHD Graphics/Windows||70 116 ₽|-15%
Acer|Ноутбук Intel Core i3 1005G1/8 ГБ/256 Гб/14''/1920x1080/Intel UHD Graphics/Linux||47 841 ₽|-13%
Dell|Ноутбук Intel Core i5 10210U/8 ГБ/256 Гб/13.3''/1920x1080/Intel UHD Graphics/Windows||103 086 ₽|-13%
Dell|Ноутбук Intel Core i7 10510U/16 ГБ/512 Гб/13.3''/1920x1080/Intel UHD Graphics/Windows||120 051 ₽|-13%
Dell|Ноутбук Intel Core i7 10510U/16 ГБ/512 Гб/13.3''/3840x2160/Intel UHD Graphics/Windows||131 361 ₽|-13%
Dell|Ноутбук Intel Core i5 1035G1/8 ГБ/256 Гб/13.4''/1920x1080/Intel UHD Graphics/Windows||124 951 ₽|-12%
Dell|Ноутбук Intel Core i7 1065G7/8 ГБ/256 Гб/13.4''/1920x1080/Intel Iris Plus Graphics/Windows||132 431 ₽|-12%
Dell|Ноутбук Intel Core i7 1065G7/16 ГБ/512 Гб/13.4''/3840x2160/Intel Iris Plus Graphics/Windows||167 191 ₽|-12%
Dell|Ноутбук Intel Core i5 9300H/8 ГБ/512 Гб/15.6''/3840x2160/NVIDIA GeForce GTX 1650/Windows|//images.wbstatic.net/c252x336/new/12780000/12783822-1.jpg|125 271 ₽|-13%
Dell|Ноутбук Intel Core i5 1035G1/8 ГБ/512 Гб/13.4''/1920x1080/Intel UHD Graphics/Windows|//images.wbstatic.net/c252x336/new/12780000/12783826-1.jpg|123 966 ₽|-13%
Dell|Ноутбук Intel Core i7 1065G7/16 ГБ/512 Гб/13.4''/1920x1080/Intel Iris Plus Graphics/Windows|//images.wbstatic.net/c252x336/new/12780000/12783827-1.jpg|138 321 ₽|-13%
Dell|Ноутбук Intel Core i7 1065G7/16 ГБ/1024 Гб/13.4''/1920x1080/Intel Iris Plus Graphics/Windows|//images.wbstatic.net/c252x336/new/12780000/12783828-1.jpg|143 541 ₽|-13%
Dell|Ноутбук Intel Core i7 1065G7/16 ГБ/1024 Гб/13.4''/3840x2160/Intel Iris Plus Graphics/Windows|//images.wbstatic.net/c252x336/new/12780000/12783829-1.jpg|155 721 ₽|-13%
MSI|Ноутбук Intel Core i9 10980HK/32 ГБ/1024 Гб/15.6''/1920x1080/NVIDIA GeForce RTX 2070 Super Max-Q/Windows|//images.wbstatic.net/c252x336/new/12860000/12867095-1.jpg|206 991 ₽|-10%
Acer|Ноутбук Intel Core i7 8500Y/16 ГБ/512 Гб/14''/1920x1080/Intel UHD Graphics 615/Windows|//images.wbstatic.net/c252x336/new/12880000/12884107-1.jpg|164 381 ₽|-15%
Acer|Ноутбук Intel Core i7 8500Y/16 ГБ/512 Гб/14''/1920x1080/Intel UHD Graphics 615/Windows|//images.wbstatic.net/c252x336/new/12880000/12884108-1.jpg|164 381 ₽|-15%
Acer|Ноутбук Intel Core i7 10510U/16 ГБ/512 Гб/14''/1920x1080/Intel UHD Graphics/Windows|//images.wbstatic.net/c252x336/new/12880000/12884111-1.jpg|81 684 ₽|-13%
Acer|Ноутбук Intel Core i5 10210U/8 ГБ/256 Гб/14''/1920x1080/Intel UHD Graphics/Windows|//images.wbstatic.net/c252x336/new/12880000/12884112-1.jpg|62 892 ₽|-13%
Acer|Ноутбук Intel Core i5 10210U/8 ГБ/512 Гб/15.6''/1920x1080/Intel UHD Graphics/Windows|//images.wbstatic.net/c252x336/new/12880000/12884120-1.jpg|75 768 ₽|-13%
Acer|Ноутбук Intel Core i7 10510U/16 ГБ/512 Гб/14''/1920x1080/Intel UHD Graphics/Windows|//images.wbstatic.net/c252x336/new/12880000/12884121-1.jpg|89 688 ₽|-13%
lenovo|Ноутбук Intel Core i5 8300H/16 ГБ/256 Гб/15.6''/1920x1080/NVIDIA GeForce GTX 1050Ti/Windows|//images.wbstatic.net/c252x336/new/12880000/12889599-1.jpg|164 251 ₽|-14%
lenovo|Ноутбук Intel Core i7 8565U/16 ГБ/512 Гб/15.6''/3840x2160/NVIDIA GeForce MX250/Windows|//images.wbstatic.net/c252x336/new/12880000/12889600-1.jpg|137 161 ₽|-14%
lenovo|Ноутбук Intel Core i7 8565U/8 ГБ/256 Гб/15.6''/1920x1080/NVIDIA Quadro P520/Windows|//images.wbstatic.net/c252x336/new/12880000/12889601-1.jpg|102 331 ₽|-14%
lenovo|Ноутбук Intel Core i5 8265U/8 ГБ/256 Гб/13.3''/1920x1080/Intel UHD Graphics 620/Windows|//images.wbstatic.net/c252x336/new/12880000/12889602-1.jpg|102 331 ₽|-14%
lenovo|Ноутбук Intel Core i5 8265U/8 ГБ/256 Гб/13.3''/1920x1080/Intel UHD Graphics 620/Windows|//images.wbstatic.net/c252x336/new/12880000/12889603-1.jpg|109 813 ₽|-14%
lenovo|Ноутбук Intel Core i7 8565U/8 ГБ/512 Гб/13.3''/1920x1080/Intel UHD Graphics 620/Windows|//images.wbstatic.net/c252x336/new/12880000/12889604-1.jpg|93 301 ₽|-14%
lenovo|Ноутбук Intel Core i7 8565U/16 ГБ/512 Гб/14''/3840x2160/Intel UHD Graphics 620/Windows|//images.wbstatic.net/c252x336/new/12880000/12889606-1.jpg|178 895 ₽|-12%
lenovo|Ноутбук Intel Core i5 8265U/8 ГБ/256 Гб/14''/1920x1080/Intel UHD Graphics 620/Windows|//images.wbstatic.net/c252x336/new/12880000/12889607-1.jpg|131 361 ₽|-13%
lenovo|Ноутбук Intel Core i7 8565U/16 ГБ/2048 Гб/14''/3840x2160/Intel UHD Graphics 620/Windows|//images.wbstatic.net/c252x336/new/12880000/12889608-1.jpg|211 293 ₽|-14%
lenovo|Ноутбук AMD Ryzen 5 Pro 3500U/16 ГБ/512 Гб/14''/1920x1080/AMD Radeon Vega 8/Windows|//images.wbstatic.net/c252x336/new/12880000/12889610-1.jpg|104 886 ₽|-19%
lenovo|Ноутбук Intel Core i5 9300H/8 ГБ/256 Гб/15.6''/1920x1080/NVIDIA GeForce GTX 1650/Windows|//images.wbstatic.net/c252x336/new/12880000/12889611-1.jpg|147 911 ₽|-14%
lenovo|Ноутбук Intel Core i7 9750H/16 ГБ/256 Гб/15.6''/1920x1080/NVIDIA GeForce GTX 1650 Max-Q/Windows|//images.wbstatic.net/c252x336/new/12880000/12889612-1.jpg|170 271 ₽|-14%
lenovo|Ноутбук Intel Core i5 9300H/16 ГБ/512 Гб/15.6''/1920x1080/NVIDIA GeForce GTX 1650/Windows|//images.wbstatic.net/c252x336/new/12880000/12889614-1.jpg|167 347 ₽|-14%
lenovo|Ноутбук Intel Core i7 10510U/16 ГБ/512 Гб/13.3''/1920x1080/Intel UHD Graphics/Windows|//images.wbstatic.net/c252x336/new/12880000/12889616-1.jpg|73 695 ₽|-17%
lenovo|Ноутбук Intel Core i5 10210U/8 ГБ/256 Гб/13.3''/1920x1080/Intel UHD Graphics/Windows|//images.wbstatic.net/c252x336/new/12880000/12889619-1.jpg|59 245 ₽|-14%
lenovo|Ноутбук Intel Core i5 10210U/8 ГБ/512 Гб/13.3''/1920x1080/Intel UHD Graphics/Windows|//images.wbstatic.net/c252x336/new/12880000/12889620-1.jpg|63 351 ₽|-12%
lenovo|Ноутбук Intel Core i5 10210U/16 ГБ/512 Гб/13.3''/1920x1080/Intel UHD Graphics/Windows|//images.wbstatic.net/c252x336/new/12880000/12889621-1.jpg|68 015 ₽|-12%
lenovo|Ноутбук Intel Core i3 1005G1/4 ГБ/256 Гб/14''/1920x1080/Intel UHD Graphics/Windows|//images.wbstatic.net/c252x336/new/12880000/12889624-1.jpg|42 819 ₽|-17%
lenovo|Ноутбук Intel Core i7 1065G7/16 ГБ/1024 Гб/14''/3840x2160/Intel Iris Plus Graphics/Windows|//images.wbstatic.net/c252x336/new/12970000/12974727-1.jpg|176 532 ₽|-17%
lenovo|Ноутбук Intel Core i7 9750H/32 ГБ/1024 Гб/15.6''/NVIDIA GeForce RTX 2080 Max-Q/DOS|//images.wbstatic.net/c252x336/new/12980000/12988298-1.jpg|206 796 ₽|-15%
lenovo|Ноутбук AMD Ryzen 7 Pro 3700U/16 ГБ/512 Гб/13.3''/1920x1080/AMD Radeon Vega 10/Windows|//images.wbstatic.net/c252x336/new/13180000/13189774-1.jpg|100 716 ₽|-15%
lenovo|Ноутбук Intel Core i5 8265U/16 ГБ/512 Гб/14''/1920x1080/Intel UHD Graphics 620/Windows|//images.wbstatic.net/c252x336/new/13180000/13189777-1.jpg|131 109 ₽|-18%
lenovo|Ноутбук Intel Core i5 8265U/16 ГБ/512 Гб/14''/1920x1080/Intel UHD Graphics 620/Windows|//images.wbstatic.net/c252x336/new/13180000/13189778-1.jpg|122 971 ₽|-14%
lenovo|Ноутбук AMD Ryzen 7 Pro 3700U/16 ГБ/512 Гб/14''/1920x1080/AMD Radeon Vega 10/Windows|//images.wbstatic.net/c252x336/new/13180000/13189780-1.jpg|102 933 ₽|-14%
lenovo|Ноутбук Intel Core i7 10510U/16 ГБ/512 Гб/13.3''/1920x1080/AMD Radeon Rx 640/Windows|//images.wbstatic.net/c252x336/new/13180000/13189782-1.jpg|87 796 ₽|-15%
Dell|Ноутбук Intel Core i3 10110U/4 ГБ/256 Гб/14''/1920x1080/Intel UHD Graphics 620/Windows|//images.wbstatic.net/c252x336/new/13250000/13253198-1.jpg|46 741 ₽|-15%
Dell|Ноутбук Intel Core i7 9750H/16 ГБ/1 Тб/256 Гб/15.6''/1920x1080/NVIDIA GeForce GTX 1660Ti/Linux|//images.wbstatic.net/c252x336/new/13250000/13253200-1.jpg|93 321 ₽|-15%
Dell|Ноутбук Intel Core i7 9750H/16 ГБ/256 Гб/15.6''/1920x1080/NVIDIA GeForce GTX 1660Ti Max-Q/Linux|//images.wbstatic.net/c252x336/new/13250000/13253201-1.jpg|93 321 ₽|-15%
lenovo|Ноутбук Intel Core i7 8565U/512 Гб/15.6''/1920x1080/Intel UHD Graphics 620/Windows|//images.wbstatic.net/c252x336/new/13300000/13300429-1.jpg|136 763 ₽|-9%
lenovo|Ноутбук Intel Core i7 8565U/8 ГБ/512 Гб/13.3''/1920x1080/Intel UHD Graphics 620/Windows|//images.wbstatic.net/c252x336/new/13300000/13300430-1.jpg|130 554 ₽|-11%
lenovo|Ноутбук Intel Core i5 10210U/8 ГБ/256 Гб/13.3''/1920x1080/Intel UHD Graphics/Windows|//images.wbstatic.net/c252x336/new/13300000/13300432-1.jpg|78 291 ₽|-10%
lenovo|Ноутбук Intel Core i7 10510U/16 ГБ/512 Гб/14''/1920x1080/Intel UHD Graphics/Windows|//images.wbstatic.net/c252x336/new/13300000/13300440-1.jpg|86 804 ₽|-9%
lenovo|Ноутбук Intel Core i7 10510U/8 ГБ/256 Гб/14''/1920x1080/Intel UHD Graphics/Windows|//images.wbstatic.net/c252x336/new/13300000/13300441-1.jpg|75 501 ₽|-10%
lenovo|Ноутбук Intel Core i7 10510U/256 Гб/14''/1920x1080/Intel UHD Graphics/Windows|//images.wbstatic.net/c252x336/new/13300000/13300442-1.jpg|74 421 ₽|-10%
lenovo|Ноутбук Intel Core i7 10510U/16 ГБ/256 Гб/14''/1920x1080/AMD Radeon Rx 640/Windows|//images.wbstatic.net/c252x336/new/13300000/13300443-1.jpg|89 451 ₽|-10%
Acer|Ноутбук Intel Core i7 1065G7/16 ГБ/1024 Гб/14''/1920x1080/NVIDIA GeForce MX350/Windows|//images.wbstatic.net/c252x336/new/13400000/13407592-1.jpg|130 376 ₽|-11%
Acer|Ноутбук Intel Core i5 8265U/8 ГБ/256 Гб/14''/1920x1080/Intel UHD Graphics 620/Windows|//images.wbstatic.net/c252x336/new/13400000/13407593-1.jpg|85 431 ₽|-11%
Acer|Ноутбук Intel Core i7 8565U/8 ГБ/512 Гб/14''/1920x1080/Intel UHD Graphics 620/Windows|//images.wbstatic.net/c252x336/new/13400000/13407594-1.jpg|100 027 ₽|-11%
Acer|Ноутбук Intel Core i7 8565U/16 ГБ/512 Гб/14''/1920x1080/Intel UHD Graphics 620/Windows|//images.wbstatic.net/c252x336/new/13400000/13407595-1.jpg|108 215 ₽|-11%
Acer|Ноутбук Intel Core i5 10210U/8 ГБ/512 Гб/14''/1920x1080/Intel UHD Graphics/Windows|//images.wbstatic.net/c252x336/new/13400000/13407596-1.jpg|76 531 ₽|-11%
lenovo|Ноутбук Intel Core i5 8265U/8 ГБ/256 Гб/13.3''/1920x1080/Intel UHD Graphics 620/Windows|//images.wbstatic.net/c252x336/new/13410000/13414304-1.jpg|79 913 ₽|-11%
lenovo|Ноутбук Intel Core i7 8565U/16 ГБ/512 Гб/14''/3840х1600/Intel UHD Graphics 620/Windows|//images.wbstatic.net/c252x336/new/13410000/13414305-1.jpg|178 011 ₽|-10%
lenovo|Ноутбук Intel Core i5 8265U/16 ГБ/512 Гб/14''/1920x1080/Intel UHD Graphics 620/Windows|//images.wbstatic.net/c252x336/new/13410000/13414306-1.jpg|148 354 ₽|-11%
Dell|Ноутбук Intel Core i5-8265U/8 ГБ/256 Гб/13.3''/1920x1080/Intel UHD Graphics 620/Windows|//images.wbstatic.net/c252x336/new/13410000/13414318-1.jpg|79 646 ₽|-11%
Asus|Ноутбук Intel Core i7 10510U/16 ГБ/512 Гб/14''/1920x1080/Intel UHD Graphics 620/Windows|//images.wbstatic.net/c252x336/new/13410000/13414341-1.jpg|103 311 ₽|-16%
Acer|"Ноутбук Intel Core i7 1065G7/16 ГБ/1024 Гб/13.5""/2256х1504/Intel Iris Plus Graphics/Windows"|//images.wbstatic.net/c252x336/new/13410000/13414347-1.jpg|130 109 ₽|-11%
Acer|"Ноутбук Intel Core i7 1065G7/16 ГБ/1024 Гб/13.5""/2256х1504/NVIDIA GeForce MX350/Windows"|//images.wbstatic.net/c252x336/new/13410000/13414348-1.jpg|119 746 ₽|-9%
Asus|Ноутбук Intel Core i5 10210U/8 ГБ/256 Гб/14''/1920x1080/Intel UHD Graphics/Windows|//images.wbstatic.net/c252x336/new/13430000/13432477-1.jpg|61 401 ₽|-11%
Asus|Ноутбук 8 ГБ/256 Гб/14''/1920x1080/Intel UHD Graphics/Windows|//images.wbstatic.net/c252x336/new/13430000/13432478-1.jpg|66 591 ₽|-10%
Asus|Ноутбук 16 ГБ/512 Гб/14''/1920x1080/Intel UHD Graphics 620/Windows|//images.wbstatic.net/c252x336/new/13430000/13432479-1.jpg|84 541 ₽|-11%
Asus|Ноутбук Intel Core i5 10210U/8 ГБ/512 Гб/14''/1920x1080/Intel UHD Graphics/Windows|//images.wbstatic.net/c252x336/new/13430000/13432480-1.jpg|92 211 ₽|-13%
Asus|Ноутбук Intel Core i5 10210U/8 ГБ/1024 Гб/14''/1920x1080/Intel UHD Graphics/Windows|//images.wbstatic.net/c252x336/new/13430000/13432481-1.jpg|101 451 ₽|-11%
Acer|Ноутбук Intel Core i7 10510U/16 ГБ/512 Гб/14''/1920x1080/Intel UHD Graphics/Windows|//images.wbstatic.net/c252x336/new/13450000/13452795-1.jpg|132 156 ₽|-11%
Acer|Ноутбук Intel Core i7 10510U/8 ГБ/256 Гб/14''/1920x1080/Intel UHD Graphics/Windows|//images.wbstatic.net/c252x336/new/13450000/13452796-1.jpg|124 947 ₽|-11%
Acer|Ноутбук Intel Core i5 10210U/8 ГБ/256 Гб/14''/1920x1080/Intel UHD Graphics/Windows|//images.wbstatic.net/c252x336/new/13450000/13452797-1.jpg|109 906 ₽|-11%
MSI|Ноутбук Intel Core i7 10750H/16 ГБ/1 Тб/256 Гб/15.6''/1920x1080/NVIDIA Quadro P620/Windows|//images.wbstatic.net/c252x336/new/13460000/13461833-1.jpg|128 790 ₽|-8%
MSI|Ноутбук Intel Core i7 10750H/16 ГБ/1000 Гб/256 Гб/15.6''/1920x1080/NVIDIA Quadro T2000/Windows|//images.wbstatic.net/c252x336/new/13460000/13461834-1.jpg|152 991 ₽|-10%
MSI|Ноутбук Intel Core i5 9300H/8 ГБ/128 Гб/15.6''/1920x1080/NVIDIA Quadro T1000/Windows|//images.wbstatic.net/c252x336/new/13460000/13461835-1.jpg|134 991 ₽|-10%
Dell|Ноутбук 16 ГБ/512 Гб/13.3''/1920x1080/Intel UHD Graphics 620/Windows|//images.wbstatic.net/c252x336/new/13460000/13464643-1.jpg|116 001 ₽|-10%
Dell|Ноутбук Intel Core i5 8265U/8 ГБ/256 Гб/14''/1920x1080/Intel UHD Graphics 620/Windows|//images.wbstatic.net/c252x336/new/13460000/13464647-1.jpg|138 742 ₽|-11%
Dell|Ноутбук Intel Core i5 8265U/8 ГБ/256 Гб/14''/1920x1080/Intel UHD Graphics 620/Windows|//images.wbstatic.net/c252x336/new/13460000/13464648-1.jpg|86 321 ₽|-11%
Dell|Ноутбук Intel Core i7 8665U/16 ГБ/512 Гб/14''/1920x1080/Intel UHD Graphics 620/Windows|//images.wbstatic.net/c252x336/new/13460000/13464649-1.jpg|162 772 ₽|-11%
Dell|Ноутбук Intel Core i7 1065G7/16 ГБ/512 Гб/13.4''/1920x1200/Intel Iris Plus Graphics G7/Windows|//images.wbstatic.net/c252x336/new/13460000/13464652-1.jpg|153 801 ₽|-10%
MSI|Ноутбук Intel Core i7 10875H/32 ГБ/1024 Гб/15.6''/3840x2160/NVIDIA GeForce RTX 2080 Super Max-Q/Windows|//images.wbstatic.net/c252x336/new/13580000/13585352-1.jpg|237 591 ₽|-12%
Asus|Ноутбук Intel Core i5 10210U/8 ГБ/512 Гб/14''/1920x1080/Intel UHD Graphics 620/Windows|//images.wbstatic.net/c252x336/new/13620000/13626431-1.jpg|93 186 ₽|-8%
Asus|Ноутбук Intel Core i7 8565U/16 ГБ/512 Гб/15.6''/1920x1080/Intel UHD Graphics 620/Windows|//images.wbstatic.net/c252x336/new/13620000/13626436-1.jpg|92 127 ₽|-12%
Acer|Ноутбук Intel Core i7 10510U/16 ГБ/512 Гб/14''/1920x1080/Intel UHD Graphics/Windows|//images.wbstatic.net/c252x336/new/13670000/13676270-1.jpg|143 991 ₽|-10%
Acer|Ноутбук Intel Core i7 10510U/8 ГБ/256 Гб/14''/1920x1080/Intel UHD Graphics/Windows|//images.wbstatic.net/c252x336/new/13670000/13676271-1.jpg|133 011 ₽|-10%
Acer|Ноутбук Intel Core i5 10210U/8 ГБ/256 Гб/14''/1920x1080/Intel UHD Graphics/Windows|//images.wbstatic.net/c252x336/new/13670000/13676272-1.jpg|121 298 ₽|-11%
MSI|Ноутбук Intel Core i7 10875H/16 ГБ/1024 Гб/15.6''/3840x2160/NVIDIA GeForce RTX 2060/Windows|//images.wbstatic.net/c252x336/new/13870000/13877299-1.jpg|177 991 ₽|-11%
Asus|Ноутбук Intel Core i7 10510U/16 ГБ/512 Гб/14''/1920x1080/Intel UHD Graphics/Windows|//images.wbstatic.net/c252x336/new/14100000/14108674-1.jpg|106 101 ₽|-19%
Asus|Ноутбук Intel Core i5 10210U/8 ГБ/512 Гб/14''/1920x1080/Intel UHD Graphics/DOS|//images.wbstatic.net/c252x336/new/14100000/14108675-1.jpg|82 161 ₽|-17%
MSI|Ноутбук Intel Core i7 10510U/16 ГБ/512 Гб/14''/1920x1080/NVIDIA GeForce MX330/Windows|//images.wbstatic.net/c252x336/new/14240000/14240106-1.jpg|96 311 ₽|-14%
MSI|Ноутбук 512 Гб/17.3''/1920x1080/NVIDIA GeForce GTX 1660Ti/Windows|//images.wbstatic.net/c252x336/new/14240000/14240110-1.jpg|106 241 ₽|-15%
MSI|Ноутбук Intel Core i5 10300H/8 ГБ/1000 Гб/17.3''/1920x1080/NVIDIA GeForce GTX 1650/DOS|//images.wbstatic.net/c252x336/new/14240000/14240119-1.jpg||0%
Asus|Ноутбук Intel Core i5 10210U/8 ГБ/512 Гб/13.3''/1920x1080/NVIDIA GeForce MX250/Windows|//images.wbstatic.net/c252x336/new/14250000/14254197-1.jpg|74 751 ₽|-11%
MSI|Ноутбук Intel Core i7 10750H/16 ГБ/1024 Гб/15.6''/1920x1080/NVIDIA GeForce RTX 2070 Max-Q/Windows|//images.wbstatic.net/c252x336/new/14960000/14960885-1.jpg|175 491 ₽|-10%
MSI|Ноутбук Intel Core i7 10750H/16 ГБ/512 Гб/15.6''/1920x1080/NVIDIA GeForce GTX 1660Ti/Windows|//images.wbstatic.net/c252x336/new/14960000/14960886-1.jpg|134 991 ₽|-10%
